real_name,public_label
Allentown,NBH-01
Black Rock,NBH-02
Broadway Fillmore,NBH-03
Central,NBH-04
Central Park,NBH-05
Delavan Grider,NBH-06
Ellicott,NBH-07
Elmwood Bidwell,NBH-08
Elmwood Bryant,NBH-09
Fillmore-Leroy,NBH-10
First Ward,NBH-11
Fruit Belt,NBH-12
Genesee-Moselle,NBH-13
Grant-Amherst,NBH-14
Hamlin Park,NBH-15
Hopkins-Tifft,NBH-16
Kaisertown,NBH-17
Kenfield,NBH-18
Kensington-Bailey,NBH-19
Lovejoy,NBH-20
Lower West Side,NBH-21
Masten Park,NBH-22
MLK Park,NBH-23
North Park,NBH-24
Parkside,NBH-25
Pratt-Willert,NBH-26
Riverside,NBH-27
Schiller Park,NBH-28
Seneca-Cazenovia,NBH-29
Seneca Babcock,NBH-30
South Park,NBH-31
University Heights,NBH-32
Upper West Side,NBH-33
West Hertel,NBH-34
West Side,NBH-35
